case_id,idioma,categoria_real,texto,dificultad,origen,request_id,record_id,timestamp_utc,input_type,text,characters,words,valid_input,validation_message,estado,categoria_predicha,segunda_categoria,puntuacion_ganadora,puntuacion_segunda,margen_decision,nivel_margen,terminos_activos,word_features_activas,char_features_activas,features_activas_total,accion_recomendada,requiere_revision,prediccion_utilizable,advertencias,ranking_categorias,explicacion,correcta
backend_001,es,backend,"Crear una API REST con Spring Boot y Java usando controladores, servicios y repositorios para gestionar usuarios y pedidos.",facil,synthetic_controlled,9d81e0ea-4a1e-4bba-bb78-a4bf97d0bcb6,0,2026-08-13T07:20:24.386+00:00,str,"Crear una API REST con Spring Boot y Java usando controladores, servicios y repositorios para gestionar usuarios y pedidos.",123,19,True,Inferencia completada.,aceptada,backend,cloud,0.4678938642738315,-0.7981946564339516,1.266088520707783,Media,213,2,211,213,Predicción utilizable automáticamente,False,True,[],"[{'position': 1, 'category': 'backend', 'score': 0.4678938642738315}, {'position': 2, 'category': 'cloud', 'score': -0.7981946564339516}, {'position': 3, 'category': 'datascience', 'score': -1.0625221972563446}, {'position': 4, 'category': 'frontend', 'score': -1.299247996273337}]",,True
backend_001,en,backend,"Build a REST API with Spring Boot and Java using controllers, services, and repositories to manage users and orders.",facil,synthetic_controlled,9d81e0ea-4a1e-4bba-bb78-a4bf97d0bcb6,1,2026-08-13T07:20:24.386+00:00,str,"Build a REST API with Spring Boot and Java using controllers, services, and repositories to manage users and orders.",116,19,True,Inferencia completada.,aceptada,backend,cloud,0.5878655424459904,-0.7193907123961181,1.3072562548421085,Media,249,11,238,249,Predicción utilizable automáticamente,False,True,[],"[{'position': 1, 'category': 'backend', 'score': 0.5878655424459904}, {'position': 2, 'category': 'cloud', 'score': -0.7193907123961181}, {'position': 3, 'category': 'frontend', 'score': -0.9582597455495769}, {'position': 4, 'category': 'datascience', 'score': -1.7244657157900938}]",,True
backend_001,ru,backend,"Создать REST API на Spring Boot и Java с контроллерами, сервисами и репозиториями для управления пользователями и заказами.",facil,synthetic_controlled,9d81e0ea-4a1e-4bba-bb78-a4bf97d0bcb6,2,2026-08-13T07:20:24.386+00:00,str,"Создать REST API на Spring Boot и Java с контроллерами, сервисами и репозиториями для управления пользователями и заказами.",123,18,True,Inferencia completada.,revision,backend,cloud,0.9232321378340138,-0.39249480596652364,1.3157269438005375,Media,60,3,57,60,Revisión humana recomendada,True,True,['Cobertura reducida de características.'],"[{'position': 1, 'category': 'backend', 'score': 0.9232321378340138}, {'position': 2, 'category': 'cloud', 'score': -0.39249480596652364}, {'position': 3, 'category': 'datascience', 'score': -1.6403280720289037}, {'position': 4, 'category': 'frontend', 'score': -1.6513987840028463}]",,True
backend_001,es_en,backend,"Crear una REST API con Spring Boot y Java using controllers, services y repositories para gestionar users y orders.",facil,synthetic_controlled,9d81e0ea-4a1e-4bba-bb78-a4bf97d0bcb6,3,2026-08-13T07:20:24.386+00:00,str,"Crear una REST API con Spring Boot y Java using controllers, services y repositories para gestionar users y orders.",115,19,True,Inferencia completada.,aceptada,backend,cloud,0.9136192610574978,-0.7145778371616213,1.6281970982191192,Alta,247,5,242,247,Predicción utilizable automáticamente,False,True,[],"[{'position': 1, 'category': 'backend', 'score': 0.9136192610574978}, {'position': 2, 'category': 'cloud', 'score': -0.7145778371616213}, {'position': 3, 'category': 'frontend', 'score': -1.3591406220912983}, {'position': 4, 'category': 'datascience', 'score': -1.4875435243472719}]",,True
backend_002,es,backend,"Implementar autenticación con JWT en Node.js y Express, guardar usuarios en PostgreSQL y proteger los endpoints privados.",facil,synthetic_controlled,9d81e0ea-4a1e-4bba-bb78-a4bf97d0bcb6,4,2026-08-13T07:20:24.386+00:00,str,"Implementar autenticación con JWT en Node.js y Express, guardar usuarios en PostgreSQL y proteger los endpoints privados.",121,17,True,Inferencia completada.,aceptada,backend,frontend,0.8430949041715743,-0.9562087729624287,1.799303677134003,Alta,248,1,247,248,Predicción utilizable automáticamente,False,True,[],"[{'position': 1, 'category': 'backend', 'score': 0.8430949041715743}, {'position': 2, 'category': 'frontend', 'score': -0.9562087729624287}, {'position': 3, 'category': 'cloud', 'score': -0.9575453936083274}, {'position': 4, 'category': 'datascience', 'score': -1.2506821900263814}]",,True
backend_002,en,backend,"Implement JWT authentication in Node.js and Express, store users in PostgreSQL, and protect private endpoints.",facil,synthetic_controlled,9d81e0ea-4a1e-4bba-bb78-a4bf97d0bcb6,5,2026-08-13T07:20:24.386+00:00,str,"Implement JWT authentication in Node.js and Express, store users in PostgreSQL, and protect private endpoints.",110,15,True,Inferencia completada.,aceptada,backend,cloud,0.9935153960860614,-0.7048754221552427,1.6983908182413041,Alta,274,9,265,274,Predicción utilizable automáticamente,False,True,[],"[{'position': 1, 'category': 'backend', 'score': 0.9935153960860614}, {'position': 2, 'category': 'cloud', 'score': -0.7048754221552427}, {'position': 3, 'category': 'frontend', 'score': -1.1519939555431138}, {'position': 4, 'category': 'datascience', 'score': -1.8206452063281406}]",,True
backend_002,ru,backend,"Реализовать аутентификацию JWT в Node.js и Express, хранить пользователей в PostgreSQL и защищать приватные endpoints.",facil,synthetic_controlled,9d81e0ea-4a1e-4bba-bb78-a4bf97d0bcb6,6,2026-08-13T07:20:24.386+00:00,str,"Реализовать аутентификацию JWT в Node.js и Express, хранить пользователей в PostgreSQL и защищать приватные endpoints.",118,15,True,Inferencia completada.,revision,backend,cloud,0.6126037743314643,-0.5903046710518977,1.202908445383362,Media,118,3,115,118,Revisión humana recomendada,True,True,['Cobertura reducida de características.'],"[{'position': 1, 'category': 'backend', 'score': 0.6126037743314643}, {'position': 2, 'category': 'cloud', 'score': -0.5903046710518977}, {'position': 3, 'category': 'datascience', 'score': -1.1016584891603425}, {'position': 4, 'category': 'frontend', 'score': -1.310523133610457}]",,True
backend_002,es_en,backend,"Implementar JWT authentication en Node.js y Express, guardar users en PostgreSQL y proteger private endpoints.",facil,synthetic_controlled,9d81e0ea-4a1e-4bba-bb78-a4bf97d0bcb6,7,2026-08-13T07:20:24.386+00:00,str,"Implementar JWT authentication en Node.js y Express, guardar users en PostgreSQL y proteger private endpoints.",110,15,True,Inferencia completada.,aceptada,backend,cloud,1.0848372240234885,-0.6874927838361989,1.7723300078596873,Alta,268,4,264,268,Predicción utilizable automáticamente,False,True,[],"[{'position': 1, 'category': 'backend', 'score': 1.0848372240234885}, {'position': 2, 'category': 'cloud', 'score': -0.6874927838361989}, {'position': 3, 'category': 'frontend', 'score': -1.135966491046687}, {'position': 4, 'category': 'datascience', 'score': -1.8223143252935339}]",,True
backend_003,es,backend,"Construir un servicio con Django REST Framework, serializers y ORM para registrar productos, validar datos y ejecutar migraciones.",media,synthetic_controlled,9d81e0ea-4a1e-4bba-bb78-a4bf97d0bcb6,8,2026-08-13T07:20:24.386+00:00,str,"Construir un servicio con Django REST Framework, serializers y ORM para registrar productos, validar datos y ejecutar migraciones.",130,18,True,Inferencia completada.,revision,backend,cloud,0.046243461085752724,-0.3711219374470737,0.41736539853282645,Baja,259,2,257,259,Revisión humana recomendada,True,True,['El margen de decisión es reducido.'],"[{'position': 1, 'category': 'backend', 'score': 0.046243461085752724}, {'position': 2, 'category': 'cloud', 'score': -0.3711219374470737}, {'position': 3, 'category': 'datascience', 'score': -0.6068666492475279}, {'position': 4, 'category': 'frontend', 'score': -1.333155438248336}]",,True
backend_003,en,backend,"Build a service with Django REST Framework, serializers, and the ORM to register products, validate data, and run migrations.",media,synthetic_controlled,9d81e0ea-4a1e-4bba-bb78-a4bf97d0bcb6,9,2026-08-13T07:20:24.386+00:00,str,"Build a service with Django REST Framework, serializers, and the ORM to register products, validate data, and run migrations.",125,19,True,Inferencia completada.,revision,backend,cloud,-0.1394790833314633,-0.23614357746929215,0.09666449413782885,Crítica,283,14,269,283,Revisión humana recomendada,True,True,['El margen de decisión es reducido.'],"[{'position': 1, 'category': 'backend', 'score': -0.1394790833314633}, {'position': 2, 'category': 'cloud', 'score': -0.23614357746929215}, {'position': 3, 'category': 'datascience', 'score': -0.867937656730936}, {'position': 4, 'category': 'frontend', 'score': -1.345032703725333}]",,True
backend_003,ru,backend,"Создать сервис на Django REST Framework с serializers и ORM для регистрации товаров, проверки данных и выполнения миграций.",media,synthetic_controlled,9d81e0ea-4a1e-4bba-bb78-a4bf97d0bcb6,10,2026-08-13T07:20:24.386+00:00,str,"Создать сервис на Django REST Framework с serializers и ORM для регистрации товаров, проверки данных и выполнения миграций.",123,18,True,Inferencia completada.,revision,backend,cloud,0.19207532829612783,-0.0747819065266292,0.26685723482275703,Baja,104,3,101,104,Revisión humana recomendada,True,True,"['Cobertura reducida de características.', 'El margen de decisión es reducido.']","[{'position': 1, 'category': 'backend', 'score': 0.19207532829612783}, {'position': 2, 'category': 'cloud', 'score': -0.0747819065266292}, {'position': 3, 'category': 'frontend', 'score': -1.0930088911614764}, {'position': 4, 'category': 'datascience', 'score': -1.2605238289922869}]",,True
backend_003,es_en,backend,"Construir un service con Django REST Framework, serializers y ORM para registrar products, validar data y ejecutar migrations.",media,synthetic_controlled,9d81e0ea-4a1e-4bba-bb78-a4bf97d0bcb6,11,2026-08-13T07:20:24.386+00:00,str,"Construir un service con Django REST Framework, serializers y ORM para registrar products, validar data y ejecutar migrations.",126,18,True,Inferencia completada.,revision,backend,cloud,-0.21803102007201713,-0.3200336284831845,0.10200260841116737,Crítica,278,5,273,278,Revisión humana recomendada,True,True,['El margen de decisión es reducido.'],"[{'position': 1, 'category': 'backend', 'score': -0.21803102007201713}, {'position': 2, 'category': 'cloud', 'score': -0.3200336284831845}, {'position': 3, 'category': 'datascience', 'score': -0.3315533343739704}, {'position': 4, 'category': 'frontend', 'score': -1.618819356636268}]",,True
backend_004,es,backend,"Diseñar microservicios que publiquen eventos en Kafka, usen Redis como caché y apliquen reglas de negocio antes de guardar datos.",media,synthetic_controlled,9d81e0ea-4a1e-4bba-bb78-a4bf97d0bcb6,12,2026-08-13T07:20:24.386+00:00,str,"Diseñar microservicios que publiquen eventos en Kafka, usen Redis como caché y apliquen reglas de negocio antes de guardar datos.",129,20,True,Inferencia completada.,aceptada,backend,frontend,0.4367025039393748,-0.8917467704106581,1.328449274350033,Media,209,4,205,209,Predicción utilizable automáticamente,False,True,[],"[{'position': 1, 'category': 'backend', 'score': 0.4367025039393748}, {'position': 2, 'category': 'frontend', 'score': -0.8917467704106581}, {'position': 3, 'category': 'datascience', 'score': -0.9245299177139699}, {'position': 4, 'category': 'cloud', 'score': -1.1228466964728263}]",,True
backend_004,en,backend,"Design microservices that publish events to Kafka, use Redis as a cache, and apply business rules before storing data.",media,synthetic_controlled,9d81e0ea-4a1e-4bba-bb78-a4bf97d0bcb6,13,2026-08-13T07:20:24.386+00:00,str,"Design microservices that publish events to Kafka, use Redis as a cache, and apply business rules before storing data.",118,19,True,Inferencia completada.,aceptada,backend,frontend,0.7345470490385642,-0.6242963724494563,1.3588434214880205,Media,283,15,268,283,Predicción utilizable automáticamente,False,True,[],"[{'position': 1, 'category': 'backend', 'score': 0.7345470490385642}, {'position': 2, 'category': 'frontend', 'score': -0.6242963724494563}, {'position': 3, 'category': 'datascience', 'score': -1.237843364944229}, {'position': 4, 'category': 'cloud', 'score': -1.607659019465495}]",,True
backend_004,ru,backend,"Спроектировать микросервисы, которые публикуют события в Kafka, используют Redis как кэш и применяют бизнес-правила перед сохранением данных.",media,synthetic_controlled,9d81e0ea-4a1e-4bba-bb78-a4bf97d0bcb6,14,2026-08-13T07:20:24.386+00:00,str,"Спроектировать микросервисы, которые публикуют события в Kafka, используют Redis как кэш и применяют бизнес-правила перед сохранением данных.",141,17,True,Inferencia completada.,revision,backend,cloud,0.9968910698402607,-0.9376544722916693,1.93454554213193,Alta,38,3,35,38,Revisión humana recomendada,True,True,['Cobertura reducida de características.'],"[{'position': 1, 'category': 'backend', 'score': 0.9968910698402607}, {'position': 2, 'category': 'cloud', 'score': -0.9376544722916693}, {'position': 3, 'category': 'datascience', 'score': -1.1623224434978732}, {'position': 4, 'category': 'frontend', 'score': -1.2752887865884706}]",,True
backend_004,es_en,backend,"Diseñar microservices que publish events en Kafka, usen Redis como cache y apliquen business rules antes de guardar data.",media,synthetic_controlled,9d81e0ea-4a1e-4bba-bb78-a4bf97d0bcb6,15,2026-08-13T07:20:24.386+00:00,str,"Diseñar microservices que publish events en Kafka, usen Redis como cache y apliquen business rules antes de guardar data.",121,19,True,Inferencia completada.,aceptada,backend,datascience,0.6681113448076983,-0.6181317341011143,1.2862430789088126,Media,255,7,248,255,Predicción utilizable automáticamente,False,True,[],"[{'position': 1, 'category': 'backend', 'score': 0.6681113448076983}, {'position': 2, 'category': 'datascience', 'score': -0.6181317341011143}, {'position': 3, 'category': 'frontend', 'score': -1.1291950801300636}, {'position': 4, 'category': 'cloud', 'score': -1.4916309916499746}]",,True
backend_005,es,backend,"Crear un servicio en Go con gRPC que procese trabajos en segundo plano, maneje transacciones en MySQL y reintente operaciones fallidas.",dificil,synthetic_controlled,9d81e0ea-4a1e-4bba-bb78-a4bf97d0bcb6,16,2026-08-13T07:20:24.386+00:00,str,"Crear un servicio en Go con gRPC que procese trabajos en segundo plano, maneje transacciones en MySQL y reintente operaciones fallidas.",135,21,True,Inferencia completada.,aceptada,backend,cloud,0.28377492890303624,-0.8708196052764088,1.154594534179445,Media,207,0,207,207,Predicción utilizable automáticamente,False,True,['La cobertura depende únicamente de n-gramas de caracteres.'],"[{'position': 1, 'category': 'backend', 'score': 0.28377492890303624}, {'position': 2, 'category': 'cloud', 'score': -0.8708196052764088}, {'position': 3, 'category': 'datascience', 'score': -0.8770414390166741}, {'position': 4, 'category': 'frontend', 'score': -0.9730502400274188}]",,True
backend_005,en,backend,"Create a Go service with gRPC that processes background jobs, handles MySQL transactions, and retries failed operations.",dificil,synthetic_controlled,9d81e0ea-4a1e-4bba-bb78-a4bf97d0bcb6,17,2026-08-13T07:20:24.386+00:00,str,"Create a Go service with gRPC that processes background jobs, handles MySQL transactions, and retries failed operations.",120,17,True,Inferencia completada.,aceptada,backend,datascience,0.9722729113400257,-1.1173666645072529,2.0896395758472783,Alta,305,14,291,305,Predicción utilizable automáticamente,False,True,[],"[{'position': 1, 'category': 'backend', 'score': 0.9722729113400257}, {'position': 2, 'category': 'datascience', 'score': -1.1173666645072529}, {'position': 3, 'category': 'frontend', 'score': -1.2156900332799714}, {'position': 4, 'category': 'cloud', 'score': -1.4866738094309448}]",,True
backend_005,ru,backend,"Создать сервис на Go с gRPC, который обрабатывает фоновые задачи, управляет транзакциями MySQL и повторяет неудачные операции.",dificil,synthetic_controlled,9d81e0ea-4a1e-4bba-bb78-a4bf97d0bcb6,18,2026-08-13T07:20:24.386+00:00,str,"Создать сервис на Go с gRPC, который обрабатывает фоновые задачи, управляет транзакциями MySQL и повторяет неудачные операции.",126,17,True,Inferencia completada.,revision,backend,cloud,-0.009806459801860679,-0.6266183905010012,0.6168119306991405,Baja,26,2,24,26,Revisión humana recomendada,True,True,"['Cobertura reducida de características.', 'El margen de decisión es reducido.']","[{'position': 1, 'category': 'backend', 'score': -0.009806459801860679}, {'position': 2, 'category': 'cloud', 'score': -0.6266183905010012}, {'position': 3, 'category': 'datascience', 'score': -0.7092862898471841}, {'position': 4, 'category': 'frontend', 'score': -1.0598788768621945}]",,True
backend_005,es_en,backend,"Crear un Go service con gRPC que procese background jobs, maneje MySQL transactions y retry failed operations.",dificil,synthetic_controlled,9d81e0ea-4a1e-4bba-bb78-a4bf97d0bcb6,19,2026-08-13T07:20:24.386+00:00,str,"Crear un Go service con gRPC que procese background jobs, maneje MySQL transactions y retry failed operations.",110,17,True,Inferencia completada.,aceptada,backend,datascience,1.157717840962914,-1.0359613477994774,2.1936791887623914,Alta,249,8,241,249,Predicción utilizable automáticamente,False,True,[],"[{'position': 1, 'category': 'backend', 'score': 1.157717840962914}, {'position': 2, 'category': 'datascience', 'score': -1.0359613477994774}, {'position': 3, 'category': 'frontend', 'score': -1.4746306322591463}, {'position': 4, 'category': 'cloud', 'score': -1.516055996607681}]",,True
cloud_001,es,cloud,"Desplegar una aplicación en AWS usando ECR, ECS y un Application Load Balancer con auto scaling para aumentar la capacidad.",facil,synthetic_controlled,9d81e0ea-4a1e-4bba-bb78-a4bf97d0bcb6,20,2026-08-13T07:20:24.386+00:00,str,"Desplegar una aplicación en AWS usando ECR, ECS y un Application Load Balancer con auto scaling para aumentar la capacidad.",123,20,True,Inferencia completada.,revision,backend,cloud,0.2961469361482041,-0.01916573712163916,0.31531267326984325,Baja,234,5,229,234,Revisión humana recomendada,True,True,['El margen de decisión es reducido.'],"[{'position': 1, 'category': 'backend', 'score': 0.2961469361482041}, {'position': 2, 'category': 'cloud', 'score': -0.01916573712163916}, {'position': 3, 'category': 'datascience', 'score': -1.4212989147233146}, {'position': 4, 'category': 'frontend', 'score': -1.49086144584812}]",,False
cloud_001,en,cloud,"Deploy an application on AWS using ECR, ECS, and an Application Load Balancer with auto scaling to increase capacity.",facil,synthetic_controlled,9d81e0ea-4a1e-4bba-bb78-a4bf97d0bcb6,21,2026-08-13T07:20:24.386+00:00,str,"Deploy an application on AWS using ECR, ECS, and an Application Load Balancer with auto scaling to increase capacity.",117,19,True,Inferencia completada.,aceptada,cloud,backend,1.0970265465760027,-0.7236152485255513,1.820641795101554,Alta,232,14,218,232,Predicción utilizable automáticamente,False,True,[],"[{'position': 1, 'category': 'cloud', 'score': 1.0970265465760027}, {'position': 2, 'category': 'backend', 'score': -0.7236152485255513}, {'position': 3, 'category': 'datascience', 'score': -1.6280398485645937}, {'position': 4, 'category': 'frontend', 'score': -1.6874864363559714}]",,True
cloud_001,ru,cloud,"Развернуть приложение в AWS с использованием ECR, ECS и Application Load Balancer с auto scaling для увеличения мощности.",facil,synthetic_controlled,9d81e0ea-4a1e-4bba-bb78-a4bf97d0bcb6,22,2026-08-13T07:20:24.386+00:00,str,"Развернуть приложение в AWS с использованием ECR, ECS и Application Load Balancer с auto scaling для увеличения мощности.",121,18,True,Inferencia completada.,revision,cloud,backend,0.7592581532870288,-0.07039401514436361,0.8296521684313924,Media,125,6,119,125,Revisión humana recomendada,True,True,['Cobertura reducida de características.'],"[{'position': 1, 'category': 'cloud', 'score': 0.7592581532870288}, {'position': 2, 'category': 'backend', 'score': -0.07039401514436361}, {'position': 3, 'category': 'datascience', 'score': -1.5962489980572965}, {'position': 4, 'category': 'frontend', 'score': -1.8232424054074492}]",,True
cloud_001,es_en,cloud,"Desplegar una aplicación en AWS using ECR, ECS y an Application Load Balancer con auto scaling.",facil,synthetic_controlled,9d81e0ea-4a1e-4bba-bb78-a4bf97d0bcb6,23,2026-08-13T07:20:24.386+00:00,str,"Desplegar una aplicación en AWS using ECR, ECS y an Application Load Balancer con auto scaling.",95,16,True,Inferencia completada.,revision,cloud,backend,0.17789953999975694,-0.05005549565543055,0.2279550356551875,Crítica,189,6,183,189,Revisión humana recomendada,True,True,['El margen de decisión es reducido.'],"[{'position': 1, 'category': 'cloud', 'score': 0.17789953999975694}, {'position': 2, 'category': 'backend', 'score': -0.05005549565543055}, {'position': 3, 'category': 'datascience', 'score': -1.371596168944727}, {'position': 4, 'category': 'frontend', 'score': -1.3999387766868283}]",,True
cloud_002,es,cloud,"Configurar Kubernetes con Deployments, Services e Ingress y usar Helm para instalar la aplicación en varios entornos.",facil,synthetic_controlled,9d81e0ea-4a1e-4bba-bb78-a4bf97d0bcb6,24,2026-08-13T07:20:24.386+00:00,str,"Configurar Kubernetes con Deployments, Services e Ingress y usar Helm para instalar la aplicación en varios entornos.",117,17,True,Inferencia completada.,revision,cloud,backend,0.05075172881300205,-0.2684550729472364,0.31920680176023847,Baja,248,2,246,248,Revisión humana recomendada,True,True,['El margen de decisión es reducido.'],"[{'position': 1, 'category': 'cloud', 'score': 0.05075172881300205}, {'position': 2, 'category': 'backend', 'score': -0.2684550729472364}, {'position': 3, 'category': 'frontend', 'score': -1.0738077317539394}, {'position': 4, 'category': 'datascience', 'score': -1.5625744091116027}]",,True
cloud_002,en,cloud,"Configure Kubernetes with Deployments, Services, and Ingress, and use Helm to install the application in multiple environments.",facil,synthetic_controlled,9d81e0ea-4a1e-4bba-bb78-a4bf97d0bcb6,25,2026-08-13T07:20:24.386+00:00,str,"Configure Kubernetes with Deployments, Services, and Ingress, and use Helm to install the application in multiple environments.",127,17,True,Inferencia completada.,aceptada,cloud,backend,0.6669393290546513,-0.8961332565752139,1.563072585629865,Alta,308,12,296,308,Predicción utilizable automáticamente,False,True,[],"[{'position': 1, 'category': 'cloud', 'score': 0.6669393290546513}, {'position': 2, 'category': 'backend', 'score': -0.8961332565752139}, {'position': 3, 'category': 'frontend', 'score': -1.066208769885089}, {'position': 4, 'category': 'datascience', 'score': -1.7385627661026821}]",,True
cloud_002,ru,cloud,"Настроить Kubernetes с Deployments, Services и Ingress и использовать Helm для установки приложения в нескольких окружениях.",facil,synthetic_controlled,9d81e0ea-4a1e-4bba-bb78-a4bf97d0bcb6,26,2026-08-13T07:20:24.386+00:00,str,"Настроить Kubernetes с Deployments, Services и Ingress и использовать Helm для установки приложения в нескольких окружениях.",124,16,True,Inferencia completada.,revision,cloud,backend,0.8358165808709297,-0.8537800612734676,1.6895966421443973,Alta,126,3,123,126,Revisión humana recomendada,True,True,['Cobertura reducida de características.'],"[{'position': 1, 'category': 'cloud', 'score': 0.8358165808709297}, {'position': 2, 'category': 'backend', 'score': -0.8537800612734676}, {'position': 3, 'category': 'frontend', 'score': -1.388159700350556}, {'position': 4, 'category': 'datascience', 'score': -1.5962545110070456}]",,True
cloud_002,es_en,cloud,"Configurar Kubernetes con Deployments, Services e Ingress y usar Helm para install la application en multiple environments.",facil,synthetic_controlled,9d81e0ea-4a1e-4bba-bb78-a4bf97d0bcb6,27,2026-08-13T07:20:24.386+00:00,str,"Configurar Kubernetes con Deployments, Services e Ingress y usar Helm para install la application en multiple environments.",123,17,True,Inferencia completada.,aceptada,cloud,backend,0.6880317634023452,-0.6254946105448125,1.3135263739471577,Media,302,5,297,302,Predicción utilizable automáticamente,False,True,[],"[{'position': 1, 'category': 'cloud', 'score': 0.6880317634023452}, {'position': 2, 'category': 'backend', 'score': -0.6254946105448125}, {'position': 3, 'category': 'frontend', 'score': -1.3426088525439233}, {'position': 4, 'category': 'datascience', 'score': -1.6288212455428805}]",,True
cloud_003,es,cloud,"Provisionar infraestructura en Azure con Terraform, creando una red virtual, App Service y Key Vault mediante infraestructura como código.",media,synthetic_controlled,9d81e0ea-4a1e-4bba-bb78-a4bf97d0bcb6,28,2026-08-13T07:20:24.386+00:00,str,"Provisionar infraestructura en Azure con Terraform, creando una red virtual, App Service y Key Vault mediante infraestructura como código.",138,19,True,Inferencia completada.,aceptada,cloud,datascience,0.8128184268034131,-1.0526103955992996,1.8654288224027127,Alta,246,2,244,246,Predicción utilizable automáticamente,False,True,[],"[{'position': 1, 'category': 'cloud', 'score': 0.8128184268034131}, {'position': 2, 'category': 'datascience', 'score': -1.0526103955992996}, {'position': 3, 'category': 'frontend', 'score': -1.158902037711567}, {'position': 4, 'category': 'backend', 'score': -1.194246842773012}]",,True
cloud_003,en,cloud,"Provision infrastructure in Azure with Terraform by creating a virtual network, App Service, and Key Vault through infrastructure as code.",media,synthetic_controlled,9d81e0ea-4a1e-4bba-bb78-a4bf97d0bcb6,29,2026-08-13T07:20:24.386+00:00,str,"Provision infrastructure in Azure with Terraform by creating a virtual network, App Service, and Key Vault through infrastructure as code.",138,20,True,Inferencia completada.,aceptada,cloud,backend,0.9615623754856546,-0.9878443727377808,1.9494067482234354,Alta,300,15,285,300,Predicción utilizable automáticamente,False,True,[],"[{'position': 1, 'category': 'cloud', 'score': 0.9615623754856546}, {'position': 2, 'category': 'backend', 'score': -0.9878443727377808}, {'position': 3, 'category': 'frontend', 'score': -1.3339523574604293}, {'position': 4, 'category': 'datascience', 'score': -1.4622153343238304}]",,True
cloud_003,ru,cloud,"Развернуть инфраструктуру в Azure с Terraform, создав виртуальную сеть, App Service и Key Vault с помощью infrastructure as code.",media,synthetic_controlled,9d81e0ea-4a1e-4bba-bb78-a4bf97d0bcb6,30,2026-08-13T07:20:24.386+00:00,str,"Развернуть инфраструктуру в Azure с Terraform, создав виртуальную сеть, App Service и Key Vault с помощью infrastructure as code.",129,19,True,Inferencia completada.,revision,cloud,frontend,1.404630375676869,-1.0689091289712864,2.4735395046481554,Alta,156,7,149,156,Revisión humana recomendada,True,True,['Cobertura reducida de características.'],"[{'position': 1, 'category': 'cloud', 'score': 1.404630375676869}, {'position': 2, 'category': 'frontend', 'score': -1.0689091289712864}, {'position': 3, 'category': 'backend', 'score': -1.488838350854229}, {'position': 4, 'category': 'datascience', 'score': -1.7648722214714545}]",,True
cloud_003,es_en,cloud,"Provisionar infrastructure en Azure con Terraform, creando una virtual network, App Service y Key Vault as infrastructure as code.",media,synthetic_controlled,9d81e0ea-4a1e-4bba-bb78-a4bf97d0bcb6,31,2026-08-13T07:20:24.386+00:00,str,"Provisionar infrastructure en Azure con Terraform, creando una virtual network, App Service y Key Vault as infrastructure as code.",130,19,True,Inferencia completada.,aceptada,cloud,frontend,1.2423227612775725,-0.7945954866644866,2.036918247942059,Alta,256,8,248,256,Predicción utilizable automáticamente,False,True,[],"[{'position': 1, 'category': 'cloud', 'score': 1.2423227612775725}, {'position': 2, 'category': 'frontend', 'score': -0.7945954866644866}, {'position': 3, 'category': 'backend', 'score': -1.4979877621070408}, {'position': 4, 'category': 'datascience', 'score': -1.7948485810567654}]",,True
cloud_004,es,cloud,"Ejecutar un servicio sin servidores en Google Cloud Run, recibir eventos con Pub/Sub, conectarlo a Cloud SQL y controlar permisos con IAM.",media,synthetic_controlled,9d81e0ea-4a1e-4bba-bb78-a4bf97d0bcb6,32,2026-08-13T07:20:24.386+00:00,str,"Ejecutar un servicio sin servidores en Google Cloud Run, recibir eventos con Pub/Sub, conectarlo a Cloud SQL y controlar permisos con IAM.",138,22,True,Inferencia completada.,aceptada,cloud,backend,1.203194777229183,-0.701012486358761,1.9042072635879441,Alta,189,2,187,189,Predicción utilizable automáticamente,False,True,[],"[{'position': 1, 'category': 'cloud', 'score': 1.203194777229183}, {'position': 2, 'category': 'backend', 'score': -0.701012486358761}, {'position': 3, 'category': 'datascience', 'score': -1.5599881692344106}, {'position': 4, 'category': 'frontend', 'score': -2.004188798961617}]",,True
cloud_004,en,cloud,"Run a serverless service on Google Cloud Run, receive events with Pub/Sub, connect it to Cloud SQL, and control permissions with IAM.",media,synthetic_controlled,9d81e0ea-4a1e-4bba-bb78-a4bf97d0bcb6,33,2026-08-13T07:20:24.386+00:00,str,"Run a serverless service on Google Cloud Run, receive events with Pub/Sub, connect it to Cloud SQL, and control permissions with IAM.",133,22,True,Inferencia completada.,aceptada,cloud,backend,1.4070087251187646,-0.26663103622859524,1.67363976134736,Alta,257,13,244,257,Predicción utilizable automáticamente,False,True,[],"[{'position': 1, 'category': 'cloud', 'score': 1.4070087251187646}, {'position': 2, 'category': 'backend', 'score': -0.26663103622859524}, {'position': 3, 'category': 'datascience', 'score': -1.6874578193417542}, {'position': 4, 'category': 'frontend', 'score': -2.4409998542908924}]",,True
cloud_004,ru,cloud,"Запустить serverless-сервис в Google Cloud Run, получать события через Pub/Sub, подключить Cloud SQL и управлять правами через IAM.",media,synthetic_controlled,9d81e0ea-4a1e-4bba-bb78-a4bf97d0bcb6,34,2026-08-13T07:20:24.386+00:00,str,"Запустить serverless-сервис в Google Cloud Run, получать события через Pub/Sub, подключить Cloud SQL и управлять правами через IAM.",131,18,True,Inferencia completada.,revision,cloud,backend,1.9233864407206316,-1.1694368994461737,3.092823340166805,Muy alta,88,2,86,88,Revisión humana recomendada,True,True,['Cobertura reducida de características.'],"[{'position': 1, 'category': 'cloud', 'score': 1.9233864407206316}, {'position': 2, 'category': 'backend', 'score': -1.1694368994461737}, {'position': 3, 'category': 'datascience', 'score': -1.812277869849804}, {'position': 4, 'category': 'frontend', 'score': -2.0776756351462864}]",,True
cloud_004,es_en,cloud,"Ejecutar un serverless service en Google Cloud Run, receive events con Pub/Sub, conectarlo a Cloud SQL y manage permissions con IAM.",media,synthetic_controlled,9d81e0ea-4a1e-4bba-bb78-a4bf97d0bcb6,35,2026-08-13T07:20:24.386+00:00,str,"Ejecutar un serverless service en Google Cloud Run, receive events con Pub/Sub, conectarlo a Cloud SQL y manage permissions con IAM.",132,21,True,Inferencia completada.,aceptada,cloud,backend,1.2056034499235753,-0.6186043314550775,1.8242077813786528,Alta,238,6,232,238,Predicción utilizable automáticamente,False,True,[],"[{'position': 1, 'category': 'cloud', 'score': 1.2056034499235753}, {'position': 2, 'category': 'backend', 'score': -0.6186043314550775}, {'position': 3, 'category': 'datascience', 'score': -1.702099244944912}, {'position': 4, 'category': 'frontend', 'score': -2.073571750373843}]",,True
cloud_005,es,cloud,"Construir un pipeline de despliegue que genere imágenes Docker, las publique en un registro y realice actualizaciones rolling con rollback automático.",dificil,synthetic_controlled,9d81e0ea-4a1e-4bba-bb78-a4bf97d0bcb6,36,2026-08-13T07:20:24.386+00:00,str,"Construir un pipeline de despliegue que genere imágenes Docker, las publique en un registro y realice actualizaciones rolling con rollback automático.",150,21,True,Inferencia completada.,revision,frontend,cloud,-0.3285895120495517,-0.48555581036363316,0.15696629831408143,Crítica,289,4,285,289,Revisión humana recomendada,True,True,['El margen de decisión es reducido.'],"[{'position': 1, 'category': 'frontend', 'score': -0.3285895120495517}, {'position': 2, 'category': 'cloud', 'score': -0.48555581036363316}, {'position': 3, 'category': 'datascience', 'score': -0.678328736845262}, {'position': 4, 'category': 'backend', 'score': -0.6890895005288142}]",,False
cloud_005,en,cloud,"Build a deployment pipeline that creates Docker images, publishes them to a registry, and performs rolling updates with automatic rollback.",dificil,synthetic_controlled,9d81e0ea-4a1e-4bba-bb78-a4bf97d0bcb6,37,2026-08-13T07:20:24.386+00:00,str,"Build a deployment pipeline that creates Docker images, publishes them to a registry, and performs rolling updates with automatic rollback.",139,20,True,Inferencia completada.,revision,frontend,cloud,-0.13152352350395322,-0.43646609929844177,0.3049425757944886,Baja,340,19,321,340,Revisión humana recomendada,True,True,['El margen de decisión es reducido.'],"[{'position': 1, 'category': 'frontend', 'score': -0.13152352350395322}, {'position': 2, 'category': 'cloud', 'score': -0.43646609929844177}, {'position': 3, 'category': 'datascience', 'score': -0.7235373905592485}, {'position': 4, 'category': 'backend', 'score': -1.3088425103431787}]",,False
cloud_005,ru,cloud,"Создать pipeline развертывания, который собирает Docker-образы, публикует их в registry и выполняет rolling updates с автоматическим rollback.",dificil,synthetic_controlled,9d81e0ea-4a1e-4bba-bb78-a4bf97d0bcb6,38,2026-08-13T07:20:24.386+00:00,str,"Создать pipeline развертывания, который собирает Docker-образы, публикует их в registry и выполняет rolling updates с автоматическим rollback.",142,17,True,Inferencia completada.,revision,cloud,datascience,-0.2604051431439181,-0.5015638635186137,0.2411587203746956,Crítica,135,7,128,135,Revisión humana recomendada,True,True,"['Cobertura reducida de características.', 'El margen de decisión es reducido.']","[{'position': 1, 'category': 'cloud', 'score': -0.2604051431439181}, {'position': 2, 'category': 'datascience', 'score': -0.5015638635186137}, {'position': 3, 'category': 'frontend', 'score': -0.7702806232778834}, {'position': 4, 'category': 'backend', 'score': -0.8621334186845664}]",,True
cloud_005,es_en,cloud,"Construir un deployment pipeline que build Docker images, las publique en un registry y haga rolling updates con automatic rollback.",dificil,synthetic_controlled,9d81e0ea-4a1e-4bba-bb78-a4bf97d0bcb6,39,2026-08-13T07:20:24.386+00:00,str,"Construir un deployment pipeline que build Docker images, las publique en un registry y haga rolling updates con automatic rollback.",132,20,True,Inferencia completada.,revision,frontend,cloud,-0.37314996100860687,-0.4330911104556552,0.059941149447048314,Crítica,293,9,284,293,Revisión humana recomendada,True,True,['El margen de decisión es reducido.'],"[{'position': 1, 'category': 'frontend', 'score': -0.37314996100860687}, {'position': 2, 'category': 'cloud', 'score': -0.4330911104556552}, {'position': 3, 'category': 'datascience', 'score': -0.661510664037315}, {'position': 4, 'category': 'backend', 'score': -1.053568524868843}]",,False
datascience_001,es,datascience,"Entrenar un Random Forest con scikit-learn usando pandas, separar entrenamiento y prueba y evaluar el modelo con validación cruzada.",facil,synthetic_controlled,9d81e0ea-4a1e-4bba-bb78-a4bf97d0bcb6,40,2026-08-13T07:20:24.386+00:00,str,"Entrenar un Random Forest con scikit-learn usando pandas, separar entrenamiento y prueba y evaluar el modelo con validación cruzada.",132,19,True,Inferencia completada.,aceptada,datascience,backend,0.15803914326430646,-0.6620689070983811,0.8201080503626875,Media,204,3,201,204,Predicción utilizable automáticamente,False,True,[],"[{'position': 1, 'category': 'datascience', 'score': 0.15803914326430646}, {'position': 2, 'category': 'backend', 'score': -0.6620689070983811}, {'position': 3, 'category': 'cloud', 'score': -0.7556452611683305}, {'position': 4, 'category': 'frontend', 'score': -1.1153034981800833}]",,True
datascience_001,en,datascience,"Train a Random Forest with scikit-learn using pandas, split training and test data, and evaluate the model with cross-validation.",facil,synthetic_controlled,9d81e0ea-4a1e-4bba-bb78-a4bf97d0bcb6,41,2026-08-13T07:20:24.386+00:00,str,"Train a Random Forest with scikit-learn using pandas, split training and test data, and evaluate the model with cross-validation.",129,19,True,Inferencia completada.,aceptada,datascience,cloud,0.47747801890228125,-0.5185923149301785,0.9960703338324598,Media,259,15,244,259,Predicción utilizable automáticamente,False,True,[],"[{'position': 1, 'category': 'datascience', 'score': 0.47747801890228125}, {'position': 2, 'category': 'cloud', 'score': -0.5185923149301785}, {'position': 3, 'category': 'backend', 'score': -1.2267901706461979}, {'position': 4, 'category': 'frontend', 'score': -1.2331043993687296}]",,True
datascience_001,ru,datascience,"Обучить Random Forest в scikit-learn с использованием pandas, разделить данные на train и test и оценить модель с помощью cross-validation.",facil,synthetic_controlled,9d81e0ea-4a1e-4bba-bb78-a4bf97d0bcb6,42,2026-08-13T07:20:24.386+00:00,str,"Обучить Random Forest в scikit-learn с использованием pandas, разделить данные на train и test и оценить модель с помощью cross-validation.",139,20,True,Inferencia completada.,revision,datascience,backend,-0.11299225286603676,-0.46212864693906897,0.3491363940730322,Baja,151,6,145,151,Revisión humana recomendada,True,True,"['Cobertura reducida de características.', 'El margen de decisión es reducido.']","[{'position': 1, 'category': 'datascience', 'score': -0.11299225286603676}, {'position': 2, 'category': 'backend', 'score': -0.46212864693906897}, {'position': 3, 'category': 'cloud', 'score': -0.7918079420674924}, {'position': 4, 'category': 'frontend', 'score': -1.0338899979809129}]",,True
datascience_001,es_en,datascience,"Entrenar un Random Forest con scikit-learn using pandas, split train/test y evaluar el model con cross-validation.",facil,synthetic_controlled,9d81e0ea-4a1e-4bba-bb78-a4bf97d0bcb6,43,2026-08-13T07:20:24.386+00:00,str,"Entrenar un Random Forest con scikit-learn using pandas, split train/test y evaluar el model con cross-validation.",114,16,True,Inferencia completada.,aceptada,datascience,cloud,0.36607752329209375,-0.7090460312156023,1.075123554507696,Media,221,4,217,221,Predicción utilizable automáticamente,False,True,[],"[{'position': 1, 'category': 'datascience', 'score': 0.36607752329209375}, {'position': 2, 'category': 'cloud', 'score': -0.7090460312156023}, {'position': 3, 'category': 'backend', 'score': -0.7255417240164437}, {'position': 4, 'category': 'frontend', 'score': -1.3270927679531237}]",,True
datascience_002,es,datascience,"Predecir abandono de clientes con regresión logística, crear variables, tratar el desbalance de clases y comparar precision, recall y F1.",facil,synthetic_controlled,9d81e0ea-4a1e-4bba-bb78-a4bf97d0bcb6,44,2026-08-13T07:20:24.386+00:00,str,"Predecir abandono de clientes con regresión logística, crear variables, tratar el desbalance de clases y comparar precision, recall y F1.",137,20,True,Inferencia completada.,aceptada,datascience,frontend,0.10147038756262738,-0.7918538575843239,0.8933242451469513,Media,229,3,226,229,Predicción utilizable automáticamente,False,True,[],"[{'position': 1, 'category': 'datascience', 'score': 0.10147038756262738}, {'position': 2, 'category': 'frontend', 'score': -0.7918538575843239}, {'position': 3, 'category': 'cloud', 'score': -0.885867158392821}, {'position': 4, 'category': 'backend', 'score': -0.9187404629954962}]",,True
datascience_002,en,datascience,"Predict customer churn with logistic regression, engineer features, handle class imbalance, and compare precision, recall, and F1.",facil,synthetic_controlled,9d81e0ea-4a1e-4bba-bb78-a4bf97d0bcb6,45,2026-08-13T07:20:24.386+00:00,str,"Predict customer churn with logistic regression, engineer features, handle class imbalance, and compare precision, recall, and F1.",130,17,True,Inferencia completada.,aceptada,datascience,frontend,0.7901253024858367,-0.8342148650234606,1.6243401675092972,Alta,284,14,270,284,Predicción utilizable automáticamente,False,True,[],"[{'position': 1, 'category': 'datascience', 'score': 0.7901253024858367}, {'position': 2, 'category': 'frontend', 'score': -0.8342148650234606}, {'position': 3, 'category': 'backend', 'score': -1.2405027691026123}, {'position': 4, 'category': 'cloud', 'score': -1.2610528157687546}]",,True
datascience_002,ru,datascience,"Предсказать отток клиентов с помощью логистической регрессии, создать признаки, обработать дисбаланс классов и сравнить precision, recall и F1.",facil,synthetic_controlled,9d81e0ea-4a1e-4bba-bb78-a4bf97d0bcb6,46,2026-08-13T07:20:24.386+00:00,str,"Предсказать отток клиентов с помощью логистической регрессии, создать признаки, обработать дисбаланс классов и сравнить precision, recall и F1.",143,18,True,Inferencia completada.,revision,cloud,datascience,-0.24356170892117895,-0.459706385086605,0.21614467616542604,Crítica,43,3,40,43,Revisión humana recomendada,True,True,"['Cobertura reducida de características.', 'El margen de decisión es reducido.']","[{'position': 1, 'category': 'cloud', 'score': -0.24356170892117895}, {'position': 2, 'category': 'datascience', 'score': -0.459706385086605}, {'position': 3, 'category': 'frontend', 'score': -0.73151065173039}, {'position': 4, 'category': 'backend', 'score': -0.838562487590098}]",,False
datascience_002,es_en,datascience,"Predecir customer churn con logistic regression, hacer feature engineering, tratar class imbalance y comparar precision, recall y F1.",facil,synthetic_controlled,9d81e0ea-4a1e-4bba-bb78-a4bf97d0bcb6,47,2026-08-13T07:20:24.386+00:00,str,"Predecir customer churn con logistic regression, hacer feature engineering, tratar class imbalance y comparar precision, recall y F1.",133,18,True,Inferencia completada.,aceptada,datascience,cloud,0.5827636611004169,-0.7710509443083442,1.3538146054087612,Media,273,11,262,273,Predicción utilizable automáticamente,False,True,[],"[{'position': 1, 'category': 'datascience', 'score': 0.5827636611004169}, {'position': 2, 'category': 'cloud', 'score': -0.7710509443083442}, {'position': 3, 'category': 'frontend', 'score': -1.0669362779507878}, {'position': 4, 'category': 'backend', 'score': -1.2384067747217427}]",,True
datascience_003,es,datascience,Entrenar una red neuronal convolucional con TensorFlow para clasificar imágenes y comparar las curvas de pérdida de entrenamiento y validación.,media,synthetic_controlled,9d81e0ea-4a1e-4bba-bb78-a4bf97d0bcb6,48,2026-08-13T07:20:24.386+00:00,str,Entrenar una red neuronal convolucional con TensorFlow para clasificar imágenes y comparar las curvas de pérdida de entrenamiento y validación.,143,20,True,Inferencia completada.,revision,cloud,frontend,-0.34132955748682253,-0.42553308830704084,0.08420353082021831,Crítica,211,3,208,211,Revisión humana recomendada,True,True,['El margen de decisión es reducido.'],"[{'position': 1, 'category': 'cloud', 'score': -0.34132955748682253}, {'position': 2, 'category': 'frontend', 'score': -0.42553308830704084}, {'position': 3, 'category': 'datascience', 'score': -0.5274259744133953}, {'position': 4, 'category': 'backend', 'score': -0.9142055149275513}]",,False
datascience_003,en,datascience,Train a convolutional neural network with TensorFlow to classify images and compare training and validation loss curves.,media,synthetic_controlled,9d81e0ea-4a1e-4bba-bb78-a4bf97d0bcb6,49,2026-08-13T07:20:24.386+00:00,str,Train a convolutional neural network with TensorFlow to classify images and compare training and validation loss curves.,120,17,True,Inferencia completada.,aceptada,datascience,frontend,0.34688954601143396,-0.35825761830064295,0.7051471643120769,Media,267,12,255,267,Predicción utilizable automáticamente,False,True,[],"[{'position': 1, 'category': 'datascience', 'score': 0.34688954601143396}, {'position': 2, 'category': 'frontend', 'score': -0.35825761830064295}, {'position': 3, 'category': 'cloud', 'score': -0.6825668367245238}, {'position': 4, 'category': 'backend', 'score': -1.664756169307913}]",,True
datascience_003,ru,datascience,Обучить сверточную нейронную сеть в TensorFlow для классификации изображений и сравнить кривые потерь на training и validation.,media,synthetic_controlled,9d81e0ea-4a1e-4bba-bb78-a4bf97d0bcb6,50,2026-08-13T07:20:24.386+00:00,str,Обучить сверточную нейронную сеть в TensorFlow для классификации изображений и сравнить кривые потерь на training и validation.,127,17,True,Inferencia completada.,revision,cloud,backend,-0.38104650092357806,-0.41476110380047093,0.033714602876892874,Crítica,87,6,81,87,Revisión humana recomendada,True,True,"['Cobertura reducida de características.', 'El margen de decisión es reducido.']","[{'position': 1, 'category': 'cloud', 'score': -0.38104650092357806}, {'position': 2, 'category': 'backend', 'score': -0.41476110380047093}, {'position': 3, 'category': 'frontend', 'score': -0.6969122252372083}, {'position': 4, 'category': 'datascience', 'score': -0.934544495791938}]",,False
datascience_003,es_en,datascience,Entrenar una convolutional neural network con TensorFlow para classify images y comparar training vs validation loss.,media,synthetic_controlled,9d81e0ea-4a1e-4bba-bb78-a4bf97d0bcb6,51,2026-08-13T07:20:24.386+00:00,str,Entrenar una convolutional neural network con TensorFlow para classify images y comparar training vs validation loss.,117,16,True,Inferencia completada.,revision,datascience,cloud,-0.014017941382681531,-0.48559044990165595,0.4715725085189744,Baja,252,8,244,252,Revisión humana recomendada,True,True,['El margen de decisión es reducido.'],"[{'position': 1, 'category': 'datascience', 'score': -0.014017941382681531}, {'position': 2, 'category': 'cloud', 'score': -0.48559044990165595}, {'position': 3, 'category': 'frontend', 'score': -0.5709987821606644}, {'position': 4, 'category': 'backend', 'score': -1.2240795790708958}]",,True
datascience_004,es,datascience,"Analizar una serie temporal de ventas, estudiar tendencia y estacionalidad y comparar modelos ARIMA para pronosticar los próximos meses.",media,synthetic_controlled,9d81e0ea-4a1e-4bba-bb78-a4bf97d0bcb6,52,2026-08-13T07:20:24.386+00:00,str,"Analizar una serie temporal de ventas, estudiar tendencia y estacionalidad y comparar modelos ARIMA para pronosticar los próximos meses.",136,19,True,Inferencia completada.,revision,datascience,cloud,-0.39842082368836895,-0.405121994783038,0.006701171094669056,Crítica,233,2,231,233,Revisión humana recomendada,True,True,['El margen de decisión es reducido.'],"[{'position': 1, 'category': 'datascience', 'score': -0.39842082368836895}, {'position': 2, 'category': 'cloud', 'score': -0.405121994783038}, {'position': 3, 'category': 'backend', 'score': -0.5317346363266687}, {'position': 4, 'category': 'frontend', 'score': -1.0153121085912882}]",,True
datascience_004,en,datascience,"Analyze a sales time series, study trend and seasonality, and compare ARIMA models to forecast the next months.",media,synthetic_controlled,9d81e0ea-4a1e-4bba-bb78-a4bf97d0bcb6,53,2026-08-13T07:20:24.386+00:00,str,"Analyze a sales time series, study trend and seasonality, and compare ARIMA models to forecast the next months.",111,18,True,Inferencia completada.,aceptada,datascience,frontend,0.67616293439734,-0.5098571443370987,1.1860200787344386,Media,229,13,216,229,Predicción utilizable automáticamente,False,True,[],"[{'position': 1, 'category': 'datascience', 'score': 0.67616293439734}, {'position': 2, 'category': 'frontend', 'score': -0.5098571443370987}, {'position': 3, 'category': 'cloud', 'score': -0.9729206429326134}, {'position': 4, 'category': 'backend', 'score': -1.5462318898392522}]",,True
datascience_004,ru,datascience,"Проанализировать временной ряд продаж, изучить тренд и сезонность и сравнить модели ARIMA для прогноза следующих месяцев.",media,synthetic_controlled,9d81e0ea-4a1e-4bba-bb78-a4bf97d0bcb6,54,2026-08-13T07:20:24.386+00:00,str,"Проанализировать временной ряд продаж, изучить тренд и сезонность и сравнить модели ARIMA для прогноза следующих месяцев.",121,16,True,Inferencia completada.,revision,cloud,backend,0.10218928221536416,-0.7282340792046833,0.8304233614200475,Media,13,2,11,13,Revisión humana recomendada,True,True,['Cobertura reducida de características.'],"[{'position': 1, 'category': 'cloud', 'score': 0.10218928221536416}, {'position': 2, 'category': 'backend', 'score': -0.7282340792046833}, {'position': 3, 'category': 'frontend', 'score': -0.7362899387209314}, {'position': 4, 'category': 'datascience', 'score': -0.9183631674506099}]",,False
datascience_004,es_en,datascience,"Analizar una sales time series, estudiar trend y seasonality y comparar ARIMA models para forecast los próximos meses.",media,synthetic_controlled,9d81e0ea-4a1e-4bba-bb78-a4bf97d0bcb6,55,2026-08-13T07:20:24.386+00:00,str,"Analizar una sales time series, estudiar trend y seasonality y comparar ARIMA models para forecast los próximos meses.",118,18,True,Inferencia completada.,aceptada,datascience,frontend,0.2412430728777869,-0.7142382401904634,0.9554813130682503,Media,221,5,216,221,Predicción utilizable automáticamente,False,True,[],"[{'position': 1, 'category': 'datascience', 'score': 0.2412430728777869}, {'position': 2, 'category': 'frontend', 'score': -0.7142382401904634}, {'position': 3, 'category': 'cloud', 'score': -0.7372904359058161}, {'position': 4, 'category': 'backend', 'score': -1.119831093307703}]",,True
datascience_005,es,datascience,"Reducir variables con PCA, aplicar K-Means para segmentar observaciones y usar silhouette score para seleccionar el número de clusters.",dificil,synthetic_controlled,9d81e0ea-4a1e-4bba-bb78-a4bf97d0bcb6,56,2026-08-13T07:20:24.386+00:00,str,"Reducir variables con PCA, aplicar K-Means para segmentar observaciones y usar silhouette score para seleccionar el número de clusters.",135,19,True,Inferencia completada.,revision,backend,cloud,-0.2896064394070561,-0.6335433583332692,0.34393691892621314,Baja,263,5,258,263,Revisión humana recomendada,True,True,['El margen de decisión es reducido.'],"[{'position': 1, 'category': 'backend', 'score': -0.2896064394070561}, {'position': 2, 'category': 'cloud', 'score': -0.6335433583332692}, {'position': 3, 'category': 'datascience', 'score': -0.6477221676193639}, {'position': 4, 'category': 'frontend', 'score': -0.8797477184684526}]",,False
datascience_005,en,datascience,"Reduce variables with PCA, apply K-Means to segment observations, and use the silhouette score to select the number of clusters.",dificil,synthetic_controlled,9d81e0ea-4a1e-4bba-bb78-a4bf97d0bcb6,57,2026-08-13T07:20:24.386+00:00,str,"Reduce variables with PCA, apply K-Means to segment observations, and use the silhouette score to select the number of clusters.",128,20,True,Inferencia completada.,revision,datascience,cloud,-0.3762431091267956,-0.41765667533934014,0.04141356621254455,Crítica,264,17,247,264,Revisión humana recomendada,True,True,['El margen de decisión es reducido.'],"[{'position': 1, 'category': 'datascience', 'score': -0.3762431091267956}, {'position': 2, 'category': 'cloud', 'score': -0.41765667533934014}, {'position': 3, 'category': 'frontend', 'score': -0.6460200957090176}, {'position': 4, 'category': 'backend', 'score': -1.1622469546638832}]",,True
datascience_005,ru,datascience,"Снизить размерность с помощью PCA, применить K-Means для сегментации наблюдений и использовать silhouette score для выбора числа кластеров.",dificil,synthetic_controlled,9d81e0ea-4a1e-4bba-bb78-a4bf97d0bcb6,58,2026-08-13T07:20:24.386+00:00,str,"Снизить размерность с помощью PCA, применить K-Means для сегментации наблюдений и использовать silhouette score для выбора числа кластеров.",139,18,True,Inferencia completada.,revision,cloud,datascience,-0.3042778591601166,-0.32056944902509477,0.01629158986497814,Crítica,46,3,43,46,Revisión humana recomendada,True,True,"['Cobertura reducida de características.', 'El margen de decisión es reducido.']","[{'position': 1, 'category': 'cloud', 'score': -0.3042778591601166}, {'position': 2, 'category': 'datascience', 'score': -0.32056944902509477}, {'position': 3, 'category': 'backend', 'score': -0.8542808674055742}, {'position': 4, 'category': 'frontend', 'score': -1.0178052732243328}]",,False
datascience_005,es_en,datascience,"Reducir variables con PCA, aplicar K-Means para segment observations y usar silhouette score para elegir el number of clusters.",dificil,synthetic_controlled,9d81e0ea-4a1e-4bba-bb78-a4bf97d0bcb6,59,2026-08-13T07:20:24.386+00:00,str,"Reducir variables con PCA, aplicar K-Means para segment observations y usar silhouette score para elegir el number of clusters.",127,19,True,Inferencia completada.,revision,datascience,cloud,-0.27911324586011155,-0.5865883158933579,0.30747507003324637,Baja,248,8,240,248,Revisión humana recomendada,True,True,['El margen de decisión es reducido.'],"[{'position': 1, 'category': 'datascience', 'score': -0.27911324586011155}, {'position': 2, 'category': 'cloud', 'score': -0.5865883158933579}, {'position': 3, 'category': 'frontend', 'score': -0.7591770232926389}, {'position': 4, 'category': 'backend', 'score': -0.8946799556949349}]",,True
frontend_001,es,frontend,"Crear una interfaz con React usando componentes funcionales, hooks para manejar estado y React Router para navegar entre páginas.",facil,synthetic_controlled,9d81e0ea-4a1e-4bba-bb78-a4bf97d0bcb6,60,2026-08-13T07:20:24.386+00:00,str,"Crear una interfaz con React usando componentes funcionales, hooks para manejar estado y React Router para navegar entre páginas.",129,19,True,Inferencia completada.,aceptada,frontend,datascience,0.8350080366938186,-0.9652603733129498,1.8002684100067685,Alta,220,2,218,220,Predicción utilizable automáticamente,False,True,[],"[{'position': 1, 'category': 'frontend', 'score': 0.8350080366938186}, {'position': 2, 'category': 'datascience', 'score': -0.9652603733129498}, {'position': 3, 'category': 'cloud', 'score': -1.1207740503118098}, {'position': 4, 'category': 'backend', 'score': -1.3982986756761862}]",,True
frontend_001,en,frontend,"Create a React interface using functional components, hooks for state management, and React Router to navigate between pages.",facil,synthetic_controlled,9d81e0ea-4a1e-4bba-bb78-a4bf97d0bcb6,61,2026-08-13T07:20:24.386+00:00,str,"Create a React interface using functional components, hooks for state management, and React Router to navigate between pages.",125,18,True,Inferencia completada.,aceptada,frontend,cloud,1.3588146297819912,-1.0770303271382198,2.435844956920211,Alta,301,16,285,301,Predicción utilizable automáticamente,False,True,[],"[{'position': 1, 'category': 'frontend', 'score': 1.3588146297819912}, {'position': 2, 'category': 'cloud', 'score': -1.0770303271382198}, {'position': 3, 'category': 'backend', 'score': -1.4516284902134933}, {'position': 4, 'category': 'datascience', 'score': -1.558365451945652}]",,True
frontend_001,ru,frontend,"Создать интерфейс на React с функциональными компонентами, hooks для управления состоянием и React Router для навигации между страницами.",facil,synthetic_controlled,9d81e0ea-4a1e-4bba-bb78-a4bf97d0bcb6,62,2026-08-13T07:20:24.386+00:00,str,"Создать интерфейс на React с функциональными компонентами, hooks для управления состоянием и React Router для навигации между страницами.",137,18,True,Inferencia completada.,revision,frontend,cloud,0.9859066800889342,-1.0261561618291322,2.012062841918066,Alta,54,4,50,54,Revisión humana recomendada,True,True,['Cobertura reducida de características.'],"[{'position': 1, 'category': 'frontend', 'score': 0.9859066800889342}, {'position': 2, 'category': 'cloud', 'score': -1.0261561618291322}, {'position': 3, 'category': 'backend', 'score': -1.287455990638732}, {'position': 4, 'category': 'datascience', 'score': -1.4295454958719658}]",,True
frontend_001,es_en,frontend,"Crear una React interface using functional components, hooks para state management y React Router para navegar entre pages.",facil,synthetic_controlled,9d81e0ea-4a1e-4bba-bb78-a4bf97d0bcb6,63,2026-08-13T07:20:24.386+00:00,str,"Crear una React interface using functional components, hooks para state management y React Router para navegar entre pages.",123,18,True,Inferencia completada.,aceptada,frontend,cloud,1.204862183007558,-0.9986003037777721,2.2034624867853303,Alta,267,10,257,267,Predicción utilizable automáticamente,False,True,[],"[{'position': 1, 'category': 'frontend', 'score': 1.204862183007558}, {'position': 2, 'category': 'cloud', 'score': -0.9986003037777721}, {'position': 3, 'category': 'datascience', 'score': -1.2404918911174656}, {'position': 4, 'category': 'backend', 'score': -1.4187853226057197}]",,True
frontend_002,es,frontend,"Desarrollar un panel con Vue 3, Composition API y Pinia para compartir el estado entre componentes y actualizar la interfaz de forma reactiva.",facil,synthetic_controlled,9d81e0ea-4a1e-4bba-bb78-a4bf97d0bcb6,64,2026-08-13T07:20:24.386+00:00,str,"Desarrollar un panel con Vue 3, Composition API y Pinia para compartir el estado entre componentes y actualizar la interfaz de forma reactiva.",142,23,True,Inferencia completada.,aceptada,frontend,backend,0.4482411362499787,-0.5202814213430977,0.9685225575930765,Media,248,3,245,248,Predicción utilizable automáticamente,False,True,[],"[{'position': 1, 'category': 'frontend', 'score': 0.4482411362499787}, {'position': 2, 'category': 'backend', 'score': -0.5202814213430977}, {'position': 3, 'category': 'cloud', 'score': -1.0165695760098281}, {'position': 4, 'category': 'datascience', 'score': -1.284141709017523}]",,True
frontend_002,en,frontend,"Develop a dashboard with Vue 3, the Composition API, and Pinia to share state between components and update the interface reactively.",facil,synthetic_controlled,9d81e0ea-4a1e-4bba-bb78-a4bf97d0bcb6,65,2026-08-13T07:20:24.386+00:00,str,"Develop a dashboard with Vue 3, the Composition API, and Pinia to share state between components and update the interface reactively.",133,21,True,Inferencia completada.,aceptada,frontend,backend,0.982816259191946,-0.9845137096412812,1.9673299688332273,Alta,295,18,277,295,Predicción utilizable automáticamente,False,True,[],"[{'position': 1, 'category': 'frontend', 'score': 0.982816259191946}, {'position': 2, 'category': 'backend', 'score': -0.9845137096412812}, {'position': 3, 'category': 'cloud', 'score': -1.0648522649008378}, {'position': 4, 'category': 'datascience', 'score': -1.4512440029861624}]",,True
frontend_002,ru,frontend,Разработать dashboard на Vue 3 с Composition API и Pinia для общего состояния между компонентами и реактивного обновления интерфейса.,facil,synthetic_controlled,9d81e0ea-4a1e-4bba-bb78-a4bf97d0bcb6,66,2026-08-13T07:20:24.386+00:00,str,Разработать dashboard на Vue 3 с Composition API и Pinia для общего состояния между компонентами и реактивного обновления интерфейса.,133,19,True,Inferencia completada.,revision,frontend,cloud,-0.41076093219432996,-0.4248531382042659,0.014092206009935937,Crítica,94,5,89,94,Revisión humana recomendada,True,True,"['Cobertura reducida de características.', 'El margen de decisión es reducido.']","[{'position': 1, 'category': 'frontend', 'score': -0.41076093219432996}, {'position': 2, 'category': 'cloud', 'score': -0.4248531382042659}, {'position': 3, 'category': 'datascience', 'score': -0.703102597576107}, {'position': 4, 'category': 'backend', 'score': -0.7626733009913175}]",,True
frontend_002,es_en,frontend,"Desarrollar un dashboard con Vue 3, Composition API y Pinia para share state entre components y update la UI reactively.",facil,synthetic_controlled,9d81e0ea-4a1e-4bba-bb78-a4bf97d0bcb6,67,2026-08-13T07:20:24.386+00:00,str,"Desarrollar un dashboard con Vue 3, Composition API y Pinia para share state entre components y update la UI reactively.",120,20,True,Inferencia completada.,aceptada,frontend,cloud,1.1920941777451641,-1.067193272960226,2.25928745070539,Alta,239,6,233,239,Predicción utilizable automáticamente,False,True,[],"[{'position': 1, 'category': 'frontend', 'score': 1.1920941777451641}, {'position': 2, 'category': 'cloud', 'score': -1.067193272960226}, {'position': 3, 'category': 'backend', 'score': -1.213016906157754}, {'position': 4, 'category': 'datascience', 'score': -1.2746629276747323}]",,True
frontend_003,es,frontend,"Construir formularios reactivos en Angular, consumir datos con servicios HTTP y usar RxJS para manejar flujos asíncronos en la interfaz.",media,synthetic_controlled,9d81e0ea-4a1e-4bba-bb78-a4bf97d0bcb6,68,2026-08-13T07:20:24.386+00:00,str,"Construir formularios reactivos en Angular, consumir datos con servicios HTTP y usar RxJS para manejar flujos asíncronos en la interfaz.",136,20,True,Inferencia completada.,revision,frontend,backend,-0.016793417607021743,-0.21222845549049996,0.1954350378834782,Crítica,203,2,201,203,Revisión humana recomendada,True,True,['El margen de decisión es reducido.'],"[{'position': 1, 'category': 'frontend', 'score': -0.016793417607021743}, {'position': 2, 'category': 'backend', 'score': -0.21222845549049996}, {'position': 3, 'category': 'datascience', 'score': -0.7923608608243717}, {'position': 4, 'category': 'cloud', 'score': -1.4694801313447063}]",,True
frontend_003,en,frontend,"Build reactive forms in Angular, consume data with HTTP services, and use RxJS to handle asynchronous streams in the interface.",media,synthetic_controlled,9d81e0ea-4a1e-4bba-bb78-a4bf97d0bcb6,69,2026-08-13T07:20:24.386+00:00,str,"Build reactive forms in Angular, consume data with HTTP services, and use RxJS to handle asynchronous streams in the interface.",127,20,True,Inferencia completada.,aceptada,frontend,backend,0.4842760317593738,-0.32398894820792673,0.8082649799673005,Media,292,19,273,292,Predicción utilizable automáticamente,False,True,[],"[{'position': 1, 'category': 'frontend', 'score': 0.4842760317593738}, {'position': 2, 'category': 'backend', 'score': -0.32398894820792673}, {'position': 3, 'category': 'datascience', 'score': -1.0002668645899901}, {'position': 4, 'category': 'cloud', 'score': -1.812495537582974}]",,True
frontend_003,ru,frontend,"Создать reactive forms в Angular, получать данные через HTTP services и использовать RxJS для обработки асинхронных потоков в интерфейсе.",media,synthetic_controlled,9d81e0ea-4a1e-4bba-bb78-a4bf97d0bcb6,70,2026-08-13T07:20:24.386+00:00,str,"Создать reactive forms в Angular, получать данные через HTTP services и использовать RxJS для обработки асинхронных потоков в интерфейсе.",137,19,True,Inferencia completada.,revision,frontend,backend,0.649153791657888,-0.540250726827606,1.189404518485494,Media,104,6,98,104,Revisión humana recomendada,True,True,['Cobertura reducida de características.'],"[{'position': 1, 'category': 'frontend', 'score': 0.649153791657888}, {'position': 2, 'category': 'backend', 'score': -0.540250726827606}, {'position': 3, 'category': 'cloud', 'score': -1.163910567337778}, {'position': 4, 'category': 'datascience', 'score': -1.509639471576441}]",,True
frontend_003,es_en,frontend,"Construir reactive forms en Angular, consume data con HTTP services y usar RxJS para manejar async streams en la interface.",media,synthetic_controlled,9d81e0ea-4a1e-4bba-bb78-a4bf97d0bcb6,71,2026-08-13T07:20:24.386+00:00,str,"Construir reactive forms en Angular, consume data con HTTP services y usar RxJS para manejar async streams en la interface.",123,20,True,Inferencia completada.,revision,frontend,backend,0.03925951210245099,-0.4209859616636972,0.46024547376614816,Baja,246,8,238,246,Revisión humana recomendada,True,True,['El margen de decisión es reducido.'],"[{'position': 1, 'category': 'frontend', 'score': 0.03925951210245099}, {'position': 2, 'category': 'backend', 'score': -0.4209859616636972}, {'position': 3, 'category': 'datascience', 'score': -0.8168311053256438}, {'position': 4, 'category': 'cloud', 'score': -1.393860699884734}]",,True
frontend_004,es,frontend,"Diseñar una página responsive con CSS Grid y Flexbox, mejorar accesibilidad con HTML semántico y adaptar componentes a distintos tamaños de pantalla.",media,synthetic_controlled,9d81e0ea-4a1e-4bba-bb78-a4bf97d0bcb6,72,2026-08-13T07:20:24.386+00:00,str,"Diseñar una página responsive con CSS Grid y Flexbox, mejorar accesibilidad con HTML semántico y adaptar componentes a distintos tamaños de pantalla.",149,22,True,Inferencia completada.,aceptada,frontend,cloud,1.0208726367112064,-0.831751340285756,1.8526239769969624,Alta,267,1,266,267,Predicción utilizable automáticamente,False,True,[],"[{'position': 1, 'category': 'frontend', 'score': 1.0208726367112064}, {'position': 2, 'category': 'cloud', 'score': -0.831751340285756}, {'position': 3, 'category': 'datascience', 'score': -1.152825182298986}, {'position': 4, 'category': 'backend', 'score': -1.530555946077542}]",,True
frontend_004,en,frontend,"Design a responsive page with CSS Grid and Flexbox, improve accessibility with semantic HTML, and adapt components to different screen sizes.",media,synthetic_controlled,9d81e0ea-4a1e-4bba-bb78-a4bf97d0bcb6,73,2026-08-13T07:20:24.386+00:00,str,"Design a responsive page with CSS Grid and Flexbox, improve accessibility with semantic HTML, and adapt components to different screen sizes.",141,21,True,Inferencia completada.,aceptada,frontend,datascience,2.3860263898882446,-1.3944891418888545,3.780515531777099,Muy alta,332,13,319,332,Predicción utilizable automáticamente,False,True,[],"[{'position': 1, 'category': 'frontend', 'score': 2.3860263898882446}, {'position': 2, 'category': 'datascience', 'score': -1.3944891418888545}, {'position': 3, 'category': 'cloud', 'score': -1.5187780722455693}, {'position': 4, 'category': 'backend', 'score': -2.192079374595388}]",,True
frontend_004,ru,frontend,"Спроектировать responsive-страницу с CSS Grid и Flexbox, улучшить доступность с semantic HTML и адаптировать компоненты к разным размерам экрана.",media,synthetic_controlled,9d81e0ea-4a1e-4bba-bb78-a4bf97d0bcb6,74,2026-08-13T07:20:24.386+00:00,str,"Спроектировать responsive-страницу с CSS Grid и Flexbox, улучшить доступность с semantic HTML и адаптировать компоненты к разным размерам экрана.",145,19,True,Inferencia completada.,revision,frontend,cloud,0.8598317309052406,-0.685935242723248,1.5457669736284885,Alta,108,2,106,108,Revisión humana recomendada,True,True,['Cobertura reducida de características.'],"[{'position': 1, 'category': 'frontend', 'score': 0.8598317309052406}, {'position': 2, 'category': 'cloud', 'score': -0.685935242723248}, {'position': 3, 'category': 'datascience', 'score': -1.2695540838395176}, {'position': 4, 'category': 'backend', 'score': -1.4503628712898182}]",,True
frontend_004,es_en,frontend,"Diseñar una responsive page con CSS Grid y Flexbox, mejorar accessibility con semantic HTML y adaptar components a distintos screen sizes.",media,synthetic_controlled,9d81e0ea-4a1e-4bba-bb78-a4bf97d0bcb6,75,2026-08-13T07:20:24.386+00:00,str,"Diseñar una responsive page con CSS Grid y Flexbox, mejorar accessibility con semantic HTML y adaptar components a distintos screen sizes.",138,21,True,Inferencia completada.,aceptada,frontend,cloud,2.2884350724439693,-1.3212762933968556,3.609711365840825,Muy alta,289,7,282,289,Predicción utilizable automáticamente,False,True,[],"[{'position': 1, 'category': 'frontend', 'score': 2.2884350724439693}, {'position': 2, 'category': 'cloud', 'score': -1.3212762933968556}, {'position': 3, 'category': 'datascience', 'score': -1.626613120548479}, {'position': 4, 'category': 'backend', 'score': -2.2169602040079575}]",,True
frontend_005,es,frontend,"Crear una SPA en TypeScript que actualice el DOM, consuma una API con fetch, gestione eventos del usuario y muestre estados de carga y error.",dificil,synthetic_controlled,9d81e0ea-4a1e-4bba-bb78-a4bf97d0bcb6,76,2026-08-13T07:20:24.386+00:00,str,"Crear una SPA en TypeScript que actualice el DOM, consuma una API con fetch, gestione eventos del usuario y muestre estados de carga y error.",141,25,True,Inferencia completada.,revision,backend,frontend,-0.06944999407362185,-0.1813458665221589,0.11189587244853705,Crítica,236,3,233,236,Revisión humana recomendada,True,True,['El margen de decisión es reducido.'],"[{'position': 1, 'category': 'backend', 'score': -0.06944999407362185}, {'position': 2, 'category': 'frontend', 'score': -0.1813458665221589}, {'position': 3, 'category': 'datascience', 'score': -1.156679617889817}, {'position': 4, 'category': 'cloud', 'score': -1.2257872170929698}]",,False
frontend_005,en,frontend,"Create a TypeScript SPA that updates the DOM, consumes an API with fetch, handles user events, and displays loading and error states.",dificil,synthetic_controlled,9d81e0ea-4a1e-4bba-bb78-a4bf97d0bcb6,77,2026-08-13T07:20:24.386+00:00,str,"Create a TypeScript SPA that updates the DOM, consumes an API with fetch, handles user events, and displays loading and error states.",133,22,True,Inferencia completada.,revision,frontend,backend,0.38637051064122524,-0.12891077653879346,0.5152812871800188,Baja,289,16,273,289,Revisión humana recomendada,True,True,['El margen de decisión es reducido.'],"[{'position': 1, 'category': 'frontend', 'score': 0.38637051064122524}, {'position': 2, 'category': 'backend', 'score': -0.12891077653879346}, {'position': 3, 'category': 'datascience', 'score': -1.2654978493538376}, {'position': 4, 'category': 'cloud', 'score': -1.6764199799568813}]",,True
frontend_005,ru,frontend,"Создать SPA на TypeScript, которая обновляет DOM, обращается к API через fetch, обрабатывает события пользователя и показывает состояния загрузки и ошибок.",dificil,synthetic_controlled,9d81e0ea-4a1e-4bba-bb78-a4bf97d0bcb6,78,2026-08-13T07:20:24.386+00:00,str,"Создать SPA на TypeScript, которая обновляет DOM, обращается к API через fetch, обрабатывает события пользователя и показывает состояния загрузки и ошибок.",155,21,True,Inferencia completada.,revision,frontend,backend,0.025396903516823388,-0.41061039268256805,0.43600729619939144,Baja,61,3,58,61,Revisión humana recomendada,True,True,"['Cobertura reducida de características.', 'El margen de decisión es reducido.']","[{'position': 1, 'category': 'frontend', 'score': 0.025396903516823388}, {'position': 2, 'category': 'backend', 'score': -0.41061039268256805}, {'position': 3, 'category': 'cloud', 'score': -0.8506722307664353}, {'position': 4, 'category': 'datascience', 'score': -1.4328279373464912}]",,True
frontend_005,es_en,frontend,"Crear una TypeScript SPA que update el DOM, consume una API con fetch, handle user events y muestre loading y error states.",dificil,synthetic_controlled,9d81e0ea-4a1e-4bba-bb78-a4bf97d0bcb6,79,2026-08-13T07:20:24.386+00:00,str,"Crear una TypeScript SPA que update el DOM, consume una API con fetch, handle user events y muestre loading y error states.",123,22,True,Inferencia completada.,revision,frontend,backend,0.3669634069181377,0.002564121246186657,0.36439928567195107,Baja,246,8,238,246,Revisión humana recomendada,True,True,['El margen de decisión es reducido.'],"[{'position': 1, 'category': 'frontend', 'score': 0.3669634069181377}, {'position': 2, 'category': 'backend', 'score': 0.002564121246186657}, {'position': 3, 'category': 'datascience', 'score': -1.2825544764579717}, {'position': 4, 'category': 'cloud', 'score': -1.6859092947317436}]",,True
